{
  "model": {
    "type": "minecraft:range_dispatch",
    "property": "minecraft:custom_model_data",
    "entries": [
      {
        "threshold": 999,
        "model": {
          "type": "minecraft:model",
          "model": "infuse:item/aug",
          "tints": [
            {
              "type": "minecraft:potion",
              "default": -13083194
            }
          ]
        }
      },
      {
        "threshold": 1000,
        "model": {
          "type": "minecraft:model",
          "model": "minecraft:item/potion",
          "tints": [
            {
              "type": "minecraft:potion",
              "default": -13083194
            }
          ]
        }
      }
    ],
    "fallback": {
      "type": "minecraft:model",
      "model": "minecraft:item/potion",
      "tints": [
        {
          "type": "minecraft:potion",
          "default": -13083194
        }
      ]
    }
  }
}
